Workbook

Sheet PO Lines
A1: Approved Purchase Order Lines
A2: Synthetic purchase-order register for Demo 17. Formula columns recalculate line value, tax and authorized exposure.
A4: PO Number | B4: Line | C4: Vendor ID | D4: SKU | E4: Description | F4: Ordered Qty | G4: Unit Price | H4: Currency | I4: Tax Code | J4: Tax Rate | K4: Freight Allowed | L4: Freight Cap | M4: Cost Center | N4: Requester | O4: Approval Status | P4: Order Date | Q4: Expected Date | R4: Line Net | S4: Calculated Tax | T4: Authorized Freight | U4: Authorized Line Total
A5: PO-260101 | B5: 1 | C5: V100 | D5: AC-RB440 | E5: RB-440 actuator bearing assembly | F5: 10 | G5: 1200 | H5: USD | I5: US-CO-0825 | J5: 0.0825 | K5: No | L5: 0 | M5: CC-4100 | N5: Daniel Cho | O5: Approved | P5: 46209 | Q5: 46231 | R5: =F5*G5 -> 12000 | S5: =R5*J5 -> 990 | T5: =IF(K5="Yes",L5,0) -> 0 | U5: =R5+S5+T5 -> 12990
A6: PO-260101 | B6: 2 | C6: V100 | D6: AC-SK210 | E6: SK-210 seal kit | F6: 20 | G6: 85 | H6: USD | I6: US-CO-0825 | J6: 0.0825 | K6: No | L6: 0 | M6: CC-4100 | N6: Daniel Cho | O6: Approved | P6: 46209 | Q6: 46231 | R6: =F6*G6 -> 1700 | S6: =R6*J6 -> 140.25 | T6: =IF(K6="Yes",L6,0) -> 0 | U6: =R6+S6+T6 -> 1840.25
A7: PO-260102 | B7: 1 | C7: V200 | D7: NL-DOCK8 | E7: USB-C docking station, 8-port | F7: 25 | G7: 160 | H7: EUR | I7: NL-STD-21 | J7: 0.21 | K7: Yes | L7: 40 | M7: CC-2200 | N7: Hannah Price | O7: Approved | P7: 46211 | Q7: 46233 | R7: =F7*G7 -> 4000 | S7: =R7*J7 -> 840 | T7: =IF(K7="Yes",L7,0) -> 40 | U7: =R7+S7+T7 -> 4880
A8: PO-260102 | B8: 2 | C8: V200 | D8: NL-ERGO2 | E8: Ergonomic monitor arm, dual | F8: 10 | G8: 250 | H8: EUR | I8: NL-STD-21 | J8: 0.21 | K8: Yes | L8: 35 | M8: CC-2200 | N8: Hannah Price | O8: Approved | P8: 46211 | Q8: 46233 | R8: =F8*G8 -> 2500 | S8: =R8*J8 -> 525 | T8: =IF(K8="Yes",L8,0) -> 35 | U8: =R8+S8+T8 -> 3060
A9: PO-260103 | B9: 1 | C9: V300 | D9: FF-PR900 | E9: Pneumatic riveting tool PR-900 | F9: 8 | G9: 900 | H9: EUR | I9: DE-STD-19 | J9: 0.19 | K9: No | L9: 0 | M9: CC-4300 | N9: Mateo Silva | O9: Approved | P9: 46212 | Q9: 46235 | R9: =F9*G9 -> 7200 | S9: =R9*J9 -> 1368 | T9: =IF(K9="Yes",L9,0) -> 0 | U9: =R9+S9+T9 -> 8568
A10: PO-260103 | B10: 2 | C10: V300 | D10: FF-DIE45 | E10: Replacement die set, 45 mm | F10: 20 | G10: 45 | H10: EUR | I10: DE-STD-19 | J10: 0.19 | K10: No | L10: 0 | M10: CC-4300 | N10: Mateo Silva | O10: Approved | P10: 46212 | Q10: 46235 | R10: =F10*G10 -> 900 | S10: =R10*J10 -> 171 | T10: =IF(K10="Yes",L10,0) -> 0 | U10: =R10+S10+T10 -> 1071
A11: PO-260104 | B11: 1 | C11: V400 | D11: CC-BOX12 | E11: Double-wall shipping carton, size 12 | F11: 100 | G11: 12 | H11: USD | I11: US-OR-0725 | J11: 0.0725 | K11: Yes | L11: 20 | M11: CC-5100 | N11: Grace Kim | O11: Approved | P11: 46213 | Q11: 46237 | R11: =F11*G11 -> 1200 | S11: =R11*J11 -> 87 | T11: =IF(K11="Yes",L11,0) -> 20 | U11: =R11+S11+T11 -> 1307
A12: PO-260104 | B12: 2 | C12: V400 | D12: CC-FOAM18 | E12: Protective foam insert, 18 inch | F12: 50 | G12: 18 | H12: USD | I12: US-OR-0725 | J12: 0.0725 | K12: Yes | L12: 20 | M12: CC-5100 | N12: Grace Kim | O12: Approved | P12: 46213 | Q12: 46237 | R12: =F12*G12 -> 900 | S12: =R12*J12 -> 65.25 | T12: =IF(K12="Yes",L12,0) -> 20 | U12: =R12+S12+T12 -> 985.25
A13: PO-260105 | B13: 1 | C13: V500 | D13: TS-CASE210 | E13: Rugged transit case, 210 L | F13: 15 | G13: 210 | H13: GBP | I13: GB-STD-20 | J13: 0.2 | K13: No | L13: 0 | M13: CC-5200 | N13: Noah Williams | O13: Approved | P13: 46215 | Q13: 46238 | R13: =F13*G13 -> 3150 | S13: =R13*J13 -> 630 | T13: =IF(K13="Yes",L13,0) -> 0 | U13: =R13+S13+T13 -> 3780
A14: PO-260105 | B14: 2 | C14: V500 | D14: TS-STRAP48 | E14: Load restraint strap, 4.8 m | F14: 30 | G14: 48 | H14: GBP | I14: GB-STD-20 | J14: 0.2 | K14: No | L14: 0 | M14: CC-5200 | N14: Noah Williams | O14: Approved | P14: 46215 | Q14: 46238 | R14: =F14*G14 -> 1440 | S14: =R14*J14 -> 288 | T14: =IF(K14="Yes",L14,0) -> 0 | U14: =R14+S14+T14 -> 1728
A15: PO-260106 | B15: 1 | C15: V100 | D15: AC-CPL300 | E15: Precision coupling CPL-300 | F15: 12 | G15: 300 | H15: USD | I15: US-CO-0825 | J15: 0.0825 | K15: No | L15: 0 | M15: CC-4100 | N15: Daniel Cho | O15: Approved | P15: 46217 | Q15: 46239 | R15: =F15*G15 -> 3600 | S15: =R15*J15 -> 297 | T15: =IF(K15="Yes",L15,0) -> 0 | U15: =R15+S15+T15 -> 3897
A16: PO-260106 | B16: 2 | C16: V100 | D16: AC-SNS800 | E16: Torque sensor SNS-800 | F16: 4 | G16: 800 | H16: USD | I16: US-CO-0825 | J16: 0.0825 | K16: No | L16: 0 | M16: CC-4100 | N16: Daniel Cho | O16: Approved | P16: 46217 | Q16: 46239 | R16: =F16*G16 -> 3200 | S16: =R16*J16 -> 264 | T16: =IF(K16="Yes",L16,0) -> 0 | U16: =R16+S16+T16 -> 3464
... A28: PO-260110 | B28: 4 | C28: V900 | D28: QS-CONFIG | E28: On-site configuration day | F28: 4 | G28: 1250 | H28: USD | I28: US-WA-0650 | J28: 0.065 | K28: No | L28: 0 | M28: CC-3100 | N28: Sofia Rossi | O28: Approved | P28: 46225 | Q28: 46256 | R28: =F28*G28 -> 5000 | S28: =R28*J28 -> 325 | T28: =IF(K28="Yes",L28,0) -> 0 | U28: =R28+S28+T28 -> 5325

Sheet PO Summary
A1: Purchase Order Control Summary
A2: Formula-driven counts and authorized totals by PO and currency.
A4: PO Number | B4: Vendor ID | C4: Currency | D4: Line Count | E4: Ordered Qty | F4: Net Value | G4: Authorized Total
A5: PO-260101 | B5: V100 | C5: USD | D5: =COUNTIF('PO Lines'!A:A,A5) -> 2 | E5: =SUMIF('PO Lines'!A:A,A5,'PO Lines'!F:F) -> 30 | F5: =SUMIF('PO Lines'!A:A,A5,'PO Lines'!R:R) -> 13700 | G5: =SUMIF('PO Lines'!A:A,A5,'PO Lines'!U:U) -> 14830.25
A6: PO-260102 | B6: V200 | C6: EUR | D6: =COUNTIF('PO Lines'!A:A,A6) -> 2 | E6: =SUMIF('PO Lines'!A:A,A6,'PO Lines'!F:F) -> 35 | F6: =SUMIF('PO Lines'!A:A,A6,'PO Lines'!R:R) -> 6500 | G6: =SUMIF('PO Lines'!A:A,A6,'PO Lines'!U:U) -> 7940
A7: PO-260103 | B7: V300 | C7: EUR | D7: =COUNTIF('PO Lines'!A:A,A7) -> 2 | E7: =SUMIF('PO Lines'!A:A,A7,'PO Lines'!F:F) -> 28 | F7: =SUMIF('PO Lines'!A:A,A7,'PO Lines'!R:R) -> 8100 | G7: =SUMIF('PO Lines'!A:A,A7,'PO Lines'!U:U) -> 9639
A8: PO-260104 | B8: V400 | C8: USD | D8: =COUNTIF('PO Lines'!A:A,A8) -> 2 | E8: =SUMIF('PO Lines'!A:A,A8,'PO Lines'!F:F) -> 150 | F8: =SUMIF('PO Lines'!A:A,A8,'PO Lines'!R:R) -> 2100 | G8: =SUMIF('PO Lines'!A:A,A8,'PO Lines'!U:U) -> 2292.25
A9: PO-260105 | B9: V500 | C9: GBP | D9: =COUNTIF('PO Lines'!A:A,A9) -> 2 | E9: =SUMIF('PO Lines'!A:A,A9,'PO Lines'!F:F) -> 45 | F9: =SUMIF('PO Lines'!A:A,A9,'PO Lines'!R:R) -> 4590 | G9: =SUMIF('PO Lines'!A:A,A9,'PO Lines'!U:U) -> 5508
A10: PO-260106 | B10: V100 | C10: USD | D10: =COUNTIF('PO Lines'!A:A,A10) -> 2 | E10: =SUMIF('PO Lines'!A:A,A10,'PO Lines'!F:F) -> 16 | F10: =SUMIF('PO Lines'!A:A,A10,'PO Lines'!R:R) -> 6800 | G10: =SUMIF('PO Lines'!A:A,A10,'PO Lines'!U:U) -> 7361
A11: PO-260107 | B11: V200 | C11: EUR | D11: =COUNTIF('PO Lines'!A:A,A11) -> 2 | E11: =SUMIF('PO Lines'!A:A,A11,'PO Lines'!F:F) -> 60 | F11: =SUMIF('PO Lines'!A:A,A11,'PO Lines'!R:R) -> 5800 | G11: =SUMIF('PO Lines'!A:A,A11,'PO Lines'!U:U) -> 7068
A12: PO-260108 | B12: V700 | C12: SEK | D12: =COUNTIF('PO Lines'!A:A,A12) -> 3 | E12: =SUMIF('PO Lines'!A:A,A12,'PO Lines'!F:F) -> 260 | F12: =SUMIF('PO Lines'!A:A,A12,'PO Lines'!R:R) -> 49400 | G12: =SUMIF('PO Lines'!A:A,A12,'PO Lines'!U:U) -> 62950
A13: PO-260109 | B13: V800 | C13: AUD | D13: =COUNTIF('PO Lines'!A:A,A13) -> 3 | E13: =SUMIF('PO Lines'!A:A,A13,'PO Lines'!F:F) -> 26 | F13: =SUMIF('PO Lines'!A:A,A13,'PO Lines'!R:R) -> 10150 | G13: =SUMIF('PO Lines'!A:A,A13,'PO Lines'!U:U) -> 11415
A14: PO-260110 | B14: V900 | C14: USD | D14: =COUNTIF('PO Lines'!A:A,A14) -> 4 | E14: =SUMIF('PO Lines'!A:A,A14,'PO Lines'!F:F) -> 24 | F14: =SUMIF('PO Lines'!A:A,A14,'PO Lines'!R:R) -> 25340 | G14: =SUMIF('PO Lines'!A:A,A14,'PO Lines'!U:U) -> 27357.1
